name	formula
A1	3.5
U1	p9+p10+p11+p12+p13+p14+p15+p16+p17+p18+p19+p20+p21+p22+p23+p24+p25+p26+p27+p28+p29+p30+p31+p32+p33+p34+p35
A2	1
U2	p3+p4+p5+p6+p7+p8+p12+p13+p14+p15+p16+p17+p21+p22+p23+p24+p25+p26+p30+p31+p32+p33+p34+p35
A3	0.5
U3	p1+p2+p4+p5+p7+p8+p10+p11+p13+p14+p16+p17+p19+p20+p22+p23+p25+p26+p28+p29+p31+p32+p34+p35
A	A1+A2+A3
U	U1+U2+U3
L1	p18+p19+p20+p21+p22+p23+p24+p25+p26+2*p27+2*p28+2*p29+2*p30+2*p31+2*p32+2*p33+2*p34+2*p35
N1	U1+L1
R1	p27+p28+p29+p30+p31+p32+p33+p34+p35
X1	0.35*(1-R1)
W1	10*(p9+p10+p11+p12+p13+p14+p15+p16+p17+2*p18+2*p19+2*p20+2*p21+2*p22+2*p23+2*p24+2*p25+2*p26)/(1-R1)
T1	W1+10
L2	p6+p7+p8+p15+p16+p17+p24+p25+p26+p33+p34+p35
N2	U2+L2
R2	p6+p7+p8+p15+p16+p17+p24+p25+p26+p33+p34+p35
X2	0.1*(1-R2)
W2	10*(p3+p4+p5+p12+p13+p14+p21+p22+p23+p30+p31+p32)/(1-R2)
T2	W2+10
L3	0
N3	U3+L3
R3	p1+p2+p4+p5+p7+p8+p10+p11+p13+p14+p16+p17+p19+p20+p22+p23+p25+p26+p28+p29+p31+p32+p34+p35
X3	0.05*(1-R3)
W3	0
T3	W3+10
L	L1+L2+L3
N	N1+N2+N3
X	X1+X2+X3
R	0.7*R1+0.2*R2+0.1*R3
W	(X1*W1+X2*W2+X3*W3)/X
T	W+10
