api,condition,rep,iterations,wall_s,user_s,sys_s,vol_ctx,invol_ctx,minflt,majflt
read_lseek,quiet,1,20,1.971384810,0.66,1.12,1,9,71,0
read_lseek,stress,1,20,4.320453943,0.68,1.27,1,539,70,0
mmap,quiet,1,20,0.039630875,0.01,0.01,1,1,3270,0
mmap,stress,1,20,0.076782233,0.02,0.00,1,9,3270,0
read_lseek,stress,2,20,4.281029428,0.67,1.27,1,534,70,0
read_lseek,quiet,2,20,1.951799284,0.53,1.23,1,4,70,0
mmap,stress,2,20,0.062799557,0.01,0.00,1,7,3272,0
mmap,quiet,2,20,0.039124880,0.01,0.01,1,0,3270,0
read_lseek,quiet,3,20,1.945741538,0.65,1.11,2,10,70,0
read_lseek,stress,3,20,4.241727083,0.67,1.25,1,528,72,0
mmap,quiet,3,20,0.029296324,0.01,0.01,1,1,3271,0
mmap,stress,3,20,0.065040011,0.02,0.00,1,7,3272,0
