-0.5,0.0415492115974,0.00845078840263,0.1,0,0,0,0,0,0.35,0,0,0,0,0,0,0,0,0,0,0,0,0,0,0,0,0,0,0,0,0,0,0,0,0,0
0.166196846389,-0.616196846389,0,0,0.1,0,0,0,0,0,0.35,0,0,0,0,0,0,0,0,0,0,0,0,0,0,0,0,0,0,0,0,0,0,0,0,0
0.0338031536105,0,-0.483803153611,0,0,0.1,0,0,0,0,0,0.35,0,0,0,0,0,0,0,0,0,0,0,0,0,0,0,0,0,0,0,0,0,0,0,0
0.1,0,0,-0.6,0.0415492115974,0.00845078840263,0.1,0,0,0,0,0,0.35,0,0,0,0,0,0,0,0,0,0,0,0,0,0,0,0,0,0,0,0,0,0,0
0,0.1,0,0.166196846389,-0.716196846389,0,0,0.1,0,0,0,0,0,0.35,0,0,0,0,0,0,0,0,0,0,0,0,0,0,0,0,0,0,0,0,0,0
0,0,0.1,0.0338031536105,0,-0.583803153611,0,0,0.1,0,0,0,0,0,0.35,0,0,0,0,0,0,0,0,0,0,0,0,0,0,0,0,0,0,0,0,0
0,0,0,0.1,0,0,-0.5,0.0415492115974,0.00845078840263,0,0,0,0,0,0,0.35,0,0,0,0,0,0,0,0,0,0,0,0,0,0,0,0,0,0,0,0
0,0,0,0,0.1,0,0.166196846389,-0.616196846389,0,0,0,0,0,0,0,0,0.35,0,0,0,0,0,0,0,0,0,0,0,0,0,0,0,0,0,0,0
0,0,0,0,0,0.1,0.0338031536105,0,-0.483803153611,0,0,0,0,0,0,0,0,0.35,0,0,0,0,0,0,0,0,0,0,0,0,0,0,0,0,0,0
0.1,0,0,0,0,0,0,0,0,-0.6,0.0415492115974,0.00845078840263,0.1,0,0,0,0,0,0.35,0,0,0,0,0,0,0,0,0,0,0,0,0,0,0,0,0
0,0.1,0,0,0,0,0,0,0,0.166196846389,-0.716196846389,0,0,0.1,0,0,0,0,0,0.35,0,0,0,0,0,0,0,0,0,0,0,0,0,0,0,0
0,0,0.1,0,0,0,0,0,0,0.0338031536105,0,-0.583803153611,0,0,0.1,0,0,0,0,0,0.35,0,0,0,0,0,0,0,0,0,0,0,0,0,0,0
0,0,0,0.1,0,0,0,0,0,0.1,0,0,-0.7,0.0415492115974,0.00845078840263,0.1,0,0,0,0,0,0.35,0,0,0,0,0,0,0,0,0,0,0,0,0,0
0,0,0,0,0.1,0,0,0,0,0,0.1,0,0.166196846389,-0.816196846389,0,0,0.1,0,0,0,0,0,0.35,0,0,0,0,0,0,0,0,0,0,0,0,0
0,0,0,0,0,0.1,0,0,0,0,0,0.1,0.0338031536105,0,-0.683803153611,0,0,0.1,0,0,0,0,0,0.35,0,0,0,0,0,0,0,0,0,0,0,0
0,0,0,0,0,0,0.1,0,0,0,0,0,0.1,0,0,-0.6,0.0415492115974,0.00845078840263,0,0,0,0,0,0,0.35,0,0,0,0,0,0,0,0,0,0,0
0,0,0,0,0,0,0,0.1,0,0,0,0,0,0.1,0,0.166196846389,-0.716196846389,0,0,0,0,0,0,0,0,0.35,0,0,0,0,0,0,0,0,0,0
0,0,0,0,0,0,0,0,0.1,0,0,0,0,0,0.1,0.0338031536105,0,-0.583803153611,0,0,0,0,0,0,0,0,0.35,0,0,0,0,0,0,0,0,0
0,0,0,0,0,0,0,0,0,0.1,0,0,0,0,0,0,0,0,-0.6,0.0415492115974,0.00845078840263,0.1,0,0,0,0,0,0.35,0,0,0,0,0,0,0,0
0,0,0,0,0,0,0,0,0,0,0.1,0,0,0,0,0,0,0,0.166196846389,-0.716196846389,0,0,0.1,0,0,0,0,0,0.35,0,0,0,0,0,0,0
0,0,0,0,0,0,0,0,0,0,0,0.1,0,0,0,0,0,0,0.0338031536105,0,-0.583803153611,0,0,0.1,0,0,0,0,0,0.35,0,0,0,0,0,0
0,0,0,0,0,0,0,0,0,0,0,0,0.1,0,0,0,0,0,0.1,0,0,-0.7,0.0415492115974,0.00845078840263,0.1,0,0,0,0,0,0.35,0,0,0,0,0
0,0,0,0,0,0,0,0,0,0,0,0,0,0.1,0,0,0,0,0,0.1,0,0.166196846389,-0.816196846389,0,0,0.1,0,0,0,0,0,0.35,0,0,0,0
0,0,0,0,0,0,0,0,0,0,0,0,0,0,0.1,0,0,0,0,0,0.1,0.0338031536105,0,-0.683803153611,0,0,0.1,0,0,0,0,0,0.35,0,0,0
0,0,0,0,0,0,0,0,0,0,0,0,0,0,0,0.1,0,0,0,0,0,0.1,0,0,-0.6,0.0415492115974,0.00845078840263,0,0,0,0,0,0,0.35,0,0
0,0,0,0,0,0,0,0,0,0,0,0,0,0,0,0,0.1,0,0,0,0,0,0.1,0,0.166196846389,-0.716196846389,0,0,0,0,0,0,0,0,0.35,0
0,0,0,0,0,0,0,0,0,0,0,0,0,0,0,0,0,0.1,0,0,0,0,0,0.1,0.0338031536105,0,-0.583803153611,0,0,0,0,0,0,0,0,0.35
0,0,0,0,0,0,0,0,0,0,0,0,0,0,0,0,0,0,0.1,0,0,0,0,0,0,0,0,-0.25,0.0415492115974,0.00845078840263,0.1,0,0,0,0,0
0,0,0,0,0,0,0,0,0,0,0,0,0,0,0,0,0,0,0,0.1,0,0,0,0,0,0,0,0.166196846389,-0.366196846389,0,0,0.1,0,0,0,0
0,0,0,0,0,0,0,0,0,0,0,0,0,0,0,0,0,0,0,0,0.1,0,0,0,0,0,0,0.0338031536105,0,-0.233803153611,0,0,0.1,0,0,0
0,0,0,0,0,0,0,0,0,0,0,0,0,0,0,0,0,0,0,0,0,0.1,0,0,0,0,0,0.1,0,0,-0.35,0.0415492115974,0.00845078840263,0.1,0,0
0,0,0,0,0,0,0,0,0,0,0,0,0,0,0,0,0,0,0,0,0,0,0.1,0,0,0,0,0,0.1,0,0.166196846389,-0.466196846389,0,0,0.1,0
0,0,0,0,0,0,0,0,0,0,0,0,0,0,0,0,0,0,0,0,0,0,0,0.1,0,0,0,0,0,0.1,0.0338031536105,0,-0.333803153611,0,0,0.1
0,0,0,0,0,0,0,0,0,0,0,0,0,0,0,0,0,0,0,0,0,0,0,0,0.1,0,0,0,0,0,0.1,0,0,-0.25,0.0415492115974,0.00845078840263
0,0,0,0,0,0,0,0,0,0,0,0,0,0,0,0,0,0,0,0,0,0,0,0,0,0.1,0,0,0,0,0,0.1,0,0.166196846389,-0.366196846389,0
0,0,0,0,0,0,0,0,0,0,0,0,0,0,0,0,0,0,0,0,0,0,0,0,0,0,0.1,0,0,0,0,0,0.1,0.0338031536105,0,-0.233803153611
