source	target	rate_per_second
S0	S1	0.04154921159736566
S0	S2	0.008450788402634342
S0	S3	0.1
S0	S9	0.35
S1	S0	0.1661968463894626
S1	S4	0.1
S1	S10	0.35
S2	S0	0.03380315361053736
S2	S5	0.1
S2	S11	0.35
S3	S0	0.1
S3	S4	0.04154921159736566
S3	S5	0.008450788402634342
S3	S6	0.1
S3	S12	0.35
S4	S1	0.1
S4	S3	0.1661968463894626
S4	S7	0.1
S4	S13	0.35
S5	S2	0.1
S5	S3	0.03380315361053736
S5	S8	0.1
S5	S14	0.35
S6	S3	0.1
S6	S7	0.04154921159736566
S6	S8	0.008450788402634342
S6	S15	0.35
S7	S4	0.1
S7	S6	0.1661968463894626
S7	S16	0.35
S8	S5	0.1
S8	S6	0.03380315361053736
S8	S17	0.35
S9	S0	0.1
S9	S10	0.04154921159736566
S9	S11	0.008450788402634342
S9	S12	0.1
S9	S18	0.35
S10	S1	0.1
S10	S9	0.1661968463894626
S10	S13	0.1
S10	S19	0.35
S11	S2	0.1
S11	S9	0.03380315361053736
S11	S14	0.1
S11	S20	0.35
S12	S3	0.1
S12	S9	0.1
S12	S13	0.04154921159736566
S12	S14	0.008450788402634342
S12	S15	0.1
S12	S21	0.35
S13	S4	0.1
S13	S10	0.1
S13	S12	0.1661968463894626
S13	S16	0.1
S13	S22	0.35
S14	S5	0.1
S14	S11	0.1
S14	S12	0.03380315361053736
S14	S17	0.1
S14	S23	0.35
S15	S6	0.1
S15	S12	0.1
S15	S16	0.04154921159736566
S15	S17	0.008450788402634342
S15	S24	0.35
S16	S7	0.1
S16	S13	0.1
S16	S15	0.1661968463894626
S16	S25	0.35
S17	S8	0.1
S17	S14	0.1
S17	S15	0.03380315361053736
S17	S26	0.35
S18	S9	0.1
S18	S19	0.04154921159736566
S18	S20	0.008450788402634342
S18	S21	0.1
S18	S27	0.35
S19	S10	0.1
S19	S18	0.1661968463894626
S19	S22	0.1
S19	S28	0.35
S20	S11	0.1
S20	S18	0.03380315361053736
S20	S23	0.1
S20	S29	0.35
S21	S12	0.1
S21	S18	0.1
S21	S22	0.04154921159736566
S21	S23	0.008450788402634342
S21	S24	0.1
S21	S30	0.35
S22	S13	0.1
S22	S19	0.1
S22	S21	0.1661968463894626
S22	S25	0.1
S22	S31	0.35
S23	S14	0.1
S23	S20	0.1
S23	S21	0.03380315361053736
S23	S26	0.1
S23	S32	0.35
S24	S15	0.1
S24	S21	0.1
S24	S25	0.04154921159736566
S24	S26	0.008450788402634342
S24	S33	0.35
S25	S16	0.1
S25	S22	0.1
S25	S24	0.1661968463894626
S25	S34	0.35
S26	S17	0.1
S26	S23	0.1
S26	S24	0.03380315361053736
S26	S35	0.35
S27	S18	0.1
S27	S28	0.04154921159736566
S27	S29	0.008450788402634342
S27	S30	0.1
S28	S19	0.1
S28	S27	0.1661968463894626
S28	S31	0.1
S29	S20	0.1
S29	S27	0.03380315361053736
S29	S32	0.1
S30	S21	0.1
S30	S27	0.1
S30	S31	0.04154921159736566
S30	S32	0.008450788402634342
S30	S33	0.1
S31	S22	0.1
S31	S28	0.1
S31	S30	0.1661968463894626
S31	S34	0.1
S32	S23	0.1
S32	S29	0.1
S32	S30	0.03380315361053736
S32	S35	0.1
S33	S24	0.1
S33	S30	0.1
S33	S34	0.04154921159736566
S33	S35	0.008450788402634342
S34	S25	0.1
S34	S31	0.1
S34	S33	0.1661968463894626
S35	S26	0.1
S35	S32	0.1
S35	S33	0.03380315361053736
