state	probability
S0	0.003726997437689215
S1	0.0009317493594222096
S2	0.0009317493594223167
S3	0.003726997437689258
S4	0.000931749359422317
S5	0.0009317493594223169
S6	0.003726997437689262
S7	0.0009317493594223123
S8	0.0009317493594223173
S9	0.01304449103191237
S10	0.003261122757978077
S11	0.00326112275797811
S12	0.01304449103191241
S13	0.003261122757978098
S14	0.003261122757978109
S15	0.01304449103191242
S16	0.003261122757978105
S17	0.00326112275797811
S18	0.04565571861169343
S19	0.01141392965292334
S20	0.01141392965292338
S21	0.04565571861169344
S22	0.01141392965292336
S23	0.01141392965292338
S24	0.04565571861169347
S25	0.01141392965292336
S26	0.01141392965292339
S27	0.159795015140927
S28	0.03994875378523174
S29	0.03994875378523182
S30	0.1597950151409271
S31	0.03994875378523176
S32	0.03994875378523183
S33	0.1597950151409271
S34	0.03994875378523177
S35	0.03994875378523187
