-0.4999999999999999,0.04154921159736566,0.008450788402634342,0.1,0,0,0,0,0,0.35,0,0,0,0,0,0,0,0,0,0,0,0,0,0,0,0,0,0,0,0,0,0,0,0,0,0
0.1661968463894626,-0.6161968463894626,0,0,0.1,0,0,0,0,0,0.35,0,0,0,0,0,0,0,0,0,0,0,0,0,0,0,0,0,0,0,0,0,0,0,0,0
0.03380315361053736,0,-0.4838031536105373,0,0,0.1,0,0,0,0,0,0.35,0,0,0,0,0,0,0,0,0,0,0,0,0,0,0,0,0,0,0,0,0,0,0,0
0.1,0,0,-0.6000000000000001,0.04154921159736566,0.008450788402634342,0.1,0,0,0,0,0,0.35,0,0,0,0,0,0,0,0,0,0,0,0,0,0,0,0,0,0,0,0,0,0,0
0,0.1,0,0.1661968463894626,-0.7161968463894627,0,0,0.1,0,0,0,0,0,0.35,0,0,0,0,0,0,0,0,0,0,0,0,0,0,0,0,0,0,0,0,0,0
0,0,0.1,0.03380315361053736,0,-0.5838031536105374,0,0,0.1,0,0,0,0,0,0.35,0,0,0,0,0,0,0,0,0,0,0,0,0,0,0,0,0,0,0,0,0
0,0,0,0.1,0,0,-0.4999999999999999,0.04154921159736566,0.008450788402634342,0,0,0,0,0,0,0.35,0,0,0,0,0,0,0,0,0,0,0,0,0,0,0,0,0,0,0,0
0,0,0,0,0.1,0,0.1661968463894626,-0.6161968463894626,0,0,0,0,0,0,0,0,0.35,0,0,0,0,0,0,0,0,0,0,0,0,0,0,0,0,0,0,0
0,0,0,0,0,0.1,0.03380315361053736,0,-0.4838031536105373,0,0,0,0,0,0,0,0,0.35,0,0,0,0,0,0,0,0,0,0,0,0,0,0,0,0,0,0
0.1,0,0,0,0,0,0,0,0,-0.6,0.04154921159736566,0.008450788402634342,0.1,0,0,0,0,0,0.35,0,0,0,0,0,0,0,0,0,0,0,0,0,0,0,0,0
0,0.1,0,0,0,0,0,0,0,0.1661968463894626,-0.7161968463894626,0,0,0.1,0,0,0,0,0,0.35,0,0,0,0,0,0,0,0,0,0,0,0,0,0,0,0
0,0,0.1,0,0,0,0,0,0,0.03380315361053736,0,-0.5838031536105373,0,0,0.1,0,0,0,0,0,0.35,0,0,0,0,0,0,0,0,0,0,0,0,0,0,0
0,0,0,0.1,0,0,0,0,0,0.1,0,0,-0.7,0.04154921159736566,0.008450788402634342,0.1,0,0,0,0,0,0.35,0,0,0,0,0,0,0,0,0,0,0,0,0,0
0,0,0,0,0.1,0,0,0,0,0,0.1,0,0.1661968463894626,-0.8161968463894625,0,0,0.1,0,0,0,0,0,0.35,0,0,0,0,0,0,0,0,0,0,0,0,0
0,0,0,0,0,0.1,0,0,0,0,0,0.1,0.03380315361053736,0,-0.6838031536105372,0,0,0.1,0,0,0,0,0,0.35,0,0,0,0,0,0,0,0,0,0,0,0
0,0,0,0,0,0,0.1,0,0,0,0,0,0.1,0,0,-0.6,0.04154921159736566,0.008450788402634342,0,0,0,0,0,0,0.35,0,0,0,0,0,0,0,0,0,0,0
0,0,0,0,0,0,0,0.1,0,0,0,0,0,0.1,0,0.1661968463894626,-0.7161968463894626,0,0,0,0,0,0,0,0,0.35,0,0,0,0,0,0,0,0,0,0
0,0,0,0,0,0,0,0,0.1,0,0,0,0,0,0.1,0.03380315361053736,0,-0.5838031536105373,0,0,0,0,0,0,0,0,0.35,0,0,0,0,0,0,0,0,0
0,0,0,0,0,0,0,0,0,0.1,0,0,0,0,0,0,0,0,-0.6,0.04154921159736566,0.008450788402634342,0.1,0,0,0,0,0,0.35,0,0,0,0,0,0,0,0
0,0,0,0,0,0,0,0,0,0,0.1,0,0,0,0,0,0,0,0.1661968463894626,-0.7161968463894626,0,0,0.1,0,0,0,0,0,0.35,0,0,0,0,0,0,0
0,0,0,0,0,0,0,0,0,0,0,0.1,0,0,0,0,0,0,0.03380315361053736,0,-0.5838031536105373,0,0,0.1,0,0,0,0,0,0.35,0,0,0,0,0,0
0,0,0,0,0,0,0,0,0,0,0,0,0.1,0,0,0,0,0,0.1,0,0,-0.7,0.04154921159736566,0.008450788402634342,0.1,0,0,0,0,0,0.35,0,0,0,0,0
0,0,0,0,0,0,0,0,0,0,0,0,0,0.1,0,0,0,0,0,0.1,0,0.1661968463894626,-0.8161968463894625,0,0,0.1,0,0,0,0,0,0.35,0,0,0,0
0,0,0,0,0,0,0,0,0,0,0,0,0,0,0.1,0,0,0,0,0,0.1,0.03380315361053736,0,-0.6838031536105372,0,0,0.1,0,0,0,0,0,0.35,0,0,0
0,0,0,0,0,0,0,0,0,0,0,0,0,0,0,0.1,0,0,0,0,0,0.1,0,0,-0.6,0.04154921159736566,0.008450788402634342,0,0,0,0,0,0,0.35,0,0
0,0,0,0,0,0,0,0,0,0,0,0,0,0,0,0,0.1,0,0,0,0,0,0.1,0,0.1661968463894626,-0.7161968463894626,0,0,0,0,0,0,0,0,0.35,0
0,0,0,0,0,0,0,0,0,0,0,0,0,0,0,0,0,0.1,0,0,0,0,0,0.1,0.03380315361053736,0,-0.5838031536105373,0,0,0,0,0,0,0,0,0.35
0,0,0,0,0,0,0,0,0,0,0,0,0,0,0,0,0,0,0.1,0,0,0,0,0,0,0,0,-0.25,0.04154921159736566,0.008450788402634342,0.1,0,0,0,0,0
0,0,0,0,0,0,0,0,0,0,0,0,0,0,0,0,0,0,0,0.1,0,0,0,0,0,0,0,0.1661968463894626,-0.3661968463894626,0,0,0.1,0,0,0,0
0,0,0,0,0,0,0,0,0,0,0,0,0,0,0,0,0,0,0,0,0.1,0,0,0,0,0,0,0.03380315361053736,0,-0.2338031536105374,0,0,0.1,0,0,0
0,0,0,0,0,0,0,0,0,0,0,0,0,0,0,0,0,0,0,0,0,0.1,0,0,0,0,0,0.1,0,0,-0.35,0.04154921159736566,0.008450788402634342,0.1,0,0
0,0,0,0,0,0,0,0,0,0,0,0,0,0,0,0,0,0,0,0,0,0,0.1,0,0,0,0,0,0.1,0,0.1661968463894626,-0.4661968463894627,0,0,0.1,0
0,0,0,0,0,0,0,0,0,0,0,0,0,0,0,0,0,0,0,0,0,0,0,0.1,0,0,0,0,0,0.1,0.03380315361053736,0,-0.3338031536105374,0,0,0.1
0,0,0,0,0,0,0,0,0,0,0,0,0,0,0,0,0,0,0,0,0,0,0,0,0.1,0,0,0,0,0,0.1,0,0,-0.25,0.04154921159736566,0.008450788402634342
0,0,0,0,0,0,0,0,0,0,0,0,0,0,0,0,0,0,0,0,0,0,0,0,0,0.1,0,0,0,0,0,0.1,0,0.1661968463894626,-0.3661968463894626,0
0,0,0,0,0,0,0,0,0,0,0,0,0,0,0,0,0,0,0,0,0,0,0,0,0,0,0.1,0,0,0,0,0,0.1,0.03380315361053736,0,-0.2338031536105374
