timestamp,round,position,api,mode,graph,iterations,cache,cpu,wall_s,user_s,sys_s,vol_ctx,invol_ctx,minflt,majflt,exit_code,cpu_check,nodes
1790628850,1,0,read_lseek,read,graph-seq.bin,20,warm,2,1.964456274,0.58,1.20,2,6,139,0,0,ok,436905
1790628855,1,1,read_lseek,write,graph-seq.bin,20,warm,2,4.804879353,1.15,3.20,2,11,138,0,0,ok,436905
1790628855,1,2,mmap,read,graph-seq.bin,20,warm,2,0.030365750,0.01,0.00,2,0,3339,0,0,ok,436905
1790628855,1,3,mmap,write,graph-seq.bin,20,warm,2,0.068747430,0.02,0.03,2,0,54633,0,0,ok,436905
1790628851,2,0,read_lseek,write,graph-seq.bin,20,warm,2,4.850575838,1.31,3.09,2,17,138,0,0,ok,436905
1790628851,2,1,mmap,read,graph-seq.bin,20,warm,2,0.028898279,0.02,0.00,2,0,3338,0,0,ok,436905
1790628852,2,2,mmap,write,graph-seq.bin,20,warm,2,0.065022875,0.01,0.04,2,0,54539,0,0,ok,436905
1790628854,2,3,read_lseek,read,graph-seq.bin,20,warm,2,1.939596386,0.60,1.16,2,5,139,0,0,ok,436905
1790628854,3,0,mmap,read,graph-seq.bin,20,warm,2,0.030832737,0.02,0.00,2,0,3338,0,0,ok,436905
1790628854,3,1,mmap,write,graph-seq.bin,20,warm,2,0.066646107,0.03,0.02,2,0,54540,0,0,ok,436905
1790628856,3,2,read_lseek,read,graph-seq.bin,20,warm,2,1.946281301,0.60,1.16,2,3,137,0,0,ok,436905
1790628860,3,3,read_lseek,write,graph-seq.bin,20,warm,2,4.862619774,1.31,3.10,1,14,137,0,0,ok,436905
1790628860,4,0,mmap,write,graph-seq.bin,20,warm,2,0.063773838,0.02,0.03,1,0,54538,0,0,ok,436905
1790628862,4,1,read_lseek,read,graph-seq.bin,20,warm,2,1.943827753,0.58,1.17,2,4,139,0,0,ok,436905
1790628866,4,2,read_lseek,write,graph-seq.bin,20,warm,2,4.786882790,1.26,3.08,3,12,138,0,0,ok,436905
1790628866,4,3,mmap,read,graph-seq.bin,20,warm,2,0.032301146,0.02,0.00,2,0,3337,0,0,ok,436905
1790628868,5,0,read_lseek,read,graph-seq.bin,20,warm,2,1.940653971,0.60,1.16,2,7,139,0,0,ok,436905
1790628872,5,1,read_lseek,write,graph-seq.bin,20,warm,2,4.805309411,1.20,3.16,2,13,139,0,0,ok,436905
1790628872,5,2,mmap,read,graph-seq.bin,20,warm,2,0.029545824,0.02,0.00,2,0,3337,0,0,ok,436905
1790628873,5,3,mmap,write,graph-seq.bin,20,warm,2,0.064990393,0.04,0.01,2,0,54538,0,0,ok,436905
1790628877,6,0,read_lseek,write,graph-seq.bin,20,warm,2,4.805858788,1.27,3.09,2,13,139,0,0,ok,436905
1790628877,6,1,mmap,read,graph-seq.bin,20,warm,2,0.032454933,0.01,0.01,1,0,3337,0,0,ok,436905
1790628877,6,2,mmap,write,graph-seq.bin,20,warm,2,0.066090644,0.02,0.03,3,1,54540,0,0,ok,436905
1790628879,6,3,read_lseek,read,graph-seq.bin,20,warm,2,1.944748709,0.61,1.15,2,9,139,0,0,ok,436905
1790628879,7,0,mmap,read,graph-seq.bin,20,warm,2,0.029583880,0.01,0.00,2,0,3337,0,0,ok,436905
1790628879,7,1,mmap,write,graph-seq.bin,20,warm,2,0.069864967,0.02,0.03,2,1,54548,0,0,ok,436905
1790628888,7,2,read_lseek,read,graph-seq.bin,20,warm,2,1.958188683,0.68,1.09,2,6,138,0,0,ok,436905
1790628886,7,3,read_lseek,write,graph-seq.bin,20,warm,2,4.839747347,1.20,3.19,1,16,139,0,0,ok,436905
1790628886,8,0,mmap,write,graph-seq.bin,20,warm,2,0.071579781,0.02,0.03,1,1,54654,0,0,ok,436905
1790628887,8,1,read_lseek,read,graph-seq.bin,20,warm,2,1.969454809,0.63,1.15,2,6,139,0,0,ok,436905
1790628892,8,2,read_lseek,write,graph-seq.bin,20,warm,2,4.821281837,1.35,3.02,1,20,138,0,0,ok,436905
1790628892,8,3,mmap,read,graph-seq.bin,20,warm,2,0.030311470,0.01,0.01,2,0,3338,0,0,ok,436905
1790628894,9,0,read_lseek,read,graph-seq.bin,20,warm,2,1.941838500,0.57,1.18,2,7,139,0,0,ok,436905
1790628898,9,1,read_lseek,write,graph-seq.bin,20,warm,2,4.830309113,1.23,3.15,2,21,136,0,0,ok,436905
1790628898,9,2,mmap,read,graph-seq.bin,20,warm,2,0.034590945,0.01,0.01,2,0,3338,0,0,ok,436905
1790628898,9,3,mmap,write,graph-seq.bin,20,warm,2,0.079180298,0.03,0.03,1,0,54662,0,0,ok,436905
1790628903,10,0,read_lseek,write,graph-seq.bin,20,warm,2,4.778544842,1.34,2.99,2,16,137,0,0,ok,436905
1790628903,10,1,mmap,read,graph-seq.bin,20,warm,2,0.030119274,0.01,0.00,1,0,3337,0,0,ok,436905
1790628903,10,2,mmap,write,graph-seq.bin,20,warm,2,0.065806086,0.01,0.04,2,0,54538,0,0,ok,436905
1790628905,10,3,read_lseek,read,graph-seq.bin,20,warm,2,1.949367260,0.53,1.24,2,9,139,0,0,ok,436905
1790628905,11,0,mmap,read,graph-seq.bin,20,warm,2,0.029788272,0.01,0.00,2,0,3340,0,0,ok,436905
1790628905,11,1,mmap,write,graph-seq.bin,20,warm,2,0.065765279,0.02,0.03,1,1,54667,0,0,ok,436905
1790628906,11,2,read_lseek,read,graph-seq.bin,20,warm,2,1.974206141,0.58,1.20,2,8,138,0,0,ok,436905
1790628911,11,3,read_lseek,write,graph-seq.bin,20,warm,2,4.796722738,1.20,3.15,2,15,139,0,0,ok,436905
1790628918,12,0,mmap,write,graph-seq.bin,20,warm,2,0.066900252,0.02,0.03,2,0,54651,0,0,ok,436905
1790628913,12,1,read_lseek,read,graph-seq.bin,20,warm,2,1.944310322,0.59,1.16,1,11,137,0,0,ok,436905
1790628917,12,2,read_lseek,write,graph-seq.bin,20,warm,2,4.821798908,1.29,3.09,2,13,137,0,0,ok,436905
1790628917,12,3,mmap,read,graph-seq.bin,20,warm,2,0.030070134,0.02,0.00,1,0,3338,0,0,ok,436905
1790628919,13,0,read_lseek,read,graph-seq.bin,20,warm,2,1.974809161,0.59,1.19,1,8,138,0,0,ok,436905
1790628924,13,1,read_lseek,write,graph-seq.bin,20,warm,2,4.791900364,1.35,3.00,2,17,138,0,0,ok,436905
1790628924,13,2,mmap,read,graph-seq.bin,20,warm,2,0.030209254,0.00,0.01,2,0,3337,0,0,ok,436905
1790628924,13,3,mmap,write,graph-seq.bin,20,warm,2,0.066667441,0.01,0.04,2,2,54657,0,0,ok,436905
1790628928,14,0,read_lseek,write,graph-seq.bin,20,warm,2,4.789251251,1.32,3.03,2,10,138,0,0,ok,436905
1790628928,14,1,mmap,read,graph-seq.bin,20,warm,2,0.030961867,0.01,0.01,2,0,3338,0,0,ok,436905
1790628928,14,2,mmap,write,graph-seq.bin,20,warm,2,0.067149399,0.02,0.03,2,0,54539,0,0,ok,436905
1790628930,14,3,read_lseek,read,graph-seq.bin,20,warm,2,1.965314821,0.55,1.23,2,8,140,0,0,ok,436905
1790628930,15,0,mmap,read,graph-seq.bin,20,warm,2,0.036784129,0.02,0.01,2,0,3337,0,0,ok,436905
1790628930,15,1,mmap,write,graph-seq.bin,20,warm,2,0.065543985,0.01,0.04,2,0,54636,0,0,ok,436905
1790628932,15,2,read_lseek,read,graph-seq.bin,20,warm,2,1.966613578,0.57,1.21,2,9,139,0,0,ok,436905
1790628936,15,3,read_lseek,write,graph-seq.bin,20,warm,2,4.844046296,1.38,3.01,0,17,138,0,0,ok,436905
1790628936,16,0,mmap,write,graph-seq.bin,20,warm,2,0.071561997,0.03,0.03,2,0,54606,0,0,ok,436905
1790628938,16,1,read_lseek,read,graph-seq.bin,20,warm,2,1.953735978,0.58,1.19,2,4,140,0,0,ok,436905
1790628943,16,2,read_lseek,write,graph-seq.bin,20,warm,2,4.810189841,1.20,3.16,2,12,138,0,0,ok,436905
1790628943,16,3,mmap,read,graph-seq.bin,20,warm,2,0.031361289,0.01,0.00,1,0,3339,0,0,ok,436905
1790628945,17,0,read_lseek,read,graph-seq.bin,20,warm,2,1.942532456,0.61,1.15,2,8,138,0,0,ok,436905
1790628949,17,1,read_lseek,write,graph-seq.bin,20,warm,2,4.800217064,1.28,3.07,2,12,138,0,0,ok,436905
1790628949,17,2,mmap,read,graph-seq.bin,20,warm,2,0.034656370,0.01,0.01,2,0,3338,0,0,ok,436905
1790628949,17,3,mmap,write,graph-seq.bin,20,warm,2,0.069125819,0.04,0.01,1,0,54661,0,0,ok,436905
1790628954,18,0,read_lseek,write,graph-seq.bin,20,warm,2,4.833185771,1.26,3.13,2,13,138,0,0,ok,436905
1790628954,18,1,mmap,read,graph-seq.bin,20,warm,2,0.031218947,0.01,0.01,1,2,3339,0,0,ok,436905
1790628954,18,2,mmap,write,graph-seq.bin,20,warm,2,0.068857181,0.01,0.04,2,1,54628,0,0,ok,436905
1790628956,18,3,read_lseek,read,graph-seq.bin,20,warm,2,1.962069433,0.63,1.14,2,1,138,0,0,ok,436905
1790628956,19,0,mmap,read,graph-seq.bin,20,warm,2,0.029397795,0.02,0.00,1,1,3336,0,0,ok,436905
1790628956,19,1,mmap,write,graph-seq.bin,20,warm,2,0.067864787,0.03,0.02,2,0,54630,0,0,ok,436905
1790628965,19,2,read_lseek,read,graph-seq.bin,20,warm,2,1.940195666,0.68,1.08,2,6,138,0,0,ok,436905
1790628969,19,3,read_lseek,write,graph-seq.bin,20,warm,2,4.782437403,1.16,3.17,2,16,140,0,0,ok,436905
1790628970,20,0,mmap,write,graph-seq.bin,20,warm,2,0.069204669,0.01,0.05,2,0,54539,0,0,ok,436905
1790628972,20,1,read_lseek,read,graph-seq.bin,20,warm,2,1.965900376,0.60,1.18,2,7,135,0,0,ok,436905
1790628976,20,2,read_lseek,write,graph-seq.bin,20,warm,2,4.801109111,1.22,3.14,2,18,137,0,0,ok,436905
1790628976,20,3,mmap,read,graph-seq.bin,20,warm,2,0.034995129,0.03,0.00,2,1,3336,0,0,ok,436905
1790628978,21,0,read_lseek,read,graph-seq.bin,20,warm,2,1.965700857,0.62,1.16,2,10,138,0,0,ok,436905
1790628975,21,1,read_lseek,write,graph-seq.bin,20,warm,2,4.858716498,1.31,3.10,1,16,137,0,0,ok,436905
1790628975,21,2,mmap,read,graph-seq.bin,20,warm,2,0.029522634,0.01,0.00,2,0,3340,0,0,ok,436905
1790628975,21,3,mmap,write,graph-seq.bin,20,warm,2,0.065951782,0.00,0.05,2,0,54652,0,0,ok,436905
1790628979,22,0,read_lseek,write,graph-seq.bin,20,warm,2,4.782097209,1.32,3.01,2,17,138,0,0,ok,436905
1790628979,22,1,mmap,read,graph-seq.bin,20,warm,2,0.030365136,0.01,0.00,2,0,3336,0,0,ok,436905
1790628979,22,2,mmap,write,graph-seq.bin,20,warm,2,0.065591723,0.02,0.03,1,1,54633,0,0,ok,436905
1790628981,22,3,read_lseek,read,graph-seq.bin,20,warm,2,1.940020487,0.57,1.18,2,7,139,0,0,ok,436905
1790628981,23,0,mmap,read,graph-seq.bin,20,warm,2,0.029937423,0.02,0.00,1,0,3338,0,0,ok,436905
1790628988,23,1,mmap,write,graph-seq.bin,20,warm,2,0.068230100,0.01,0.05,2,0,54539,0,0,ok,436905
1790628983,23,2,read_lseek,read,graph-seq.bin,20,warm,2,1.963931965,0.55,1.22,2,11,136,0,0,ok,436905
1790628987,23,3,read_lseek,write,graph-seq.bin,20,warm,2,4.818200263,1.26,3.11,2,14,136,0,0,ok,436905
1790628987,24,0,mmap,write,graph-seq.bin,20,warm,2,0.066377721,0.02,0.03,1,0,54631,0,0,ok,436905
1790628989,24,1,read_lseek,read,graph-seq.bin,20,warm,2,1.938501153,0.61,1.14,2,6,136,0,0,ok,436905
1790628994,24,2,read_lseek,write,graph-seq.bin,20,warm,2,4.805490090,1.29,3.07,2,11,138,0,0,ok,436905
1790628994,24,3,mmap,read,graph-seq.bin,20,warm,2,0.031303318,0.01,0.01,1,0,3339,0,0,ok,436905
1790628996,25,0,read_lseek,read,graph-seq.bin,20,warm,2,1.967683075,0.64,1.14,2,3,138,0,0,ok,436905
1790629000,25,1,read_lseek,write,graph-seq.bin,20,warm,2,4.806305324,1.24,3.12,2,8,137,0,0,ok,436905
1790629000,25,2,mmap,read,graph-seq.bin,20,warm,2,0.029884270,0.00,0.01,1,0,3339,0,0,ok,436905
1790629000,25,3,mmap,write,graph-seq.bin,20,warm,2,0.067702123,0.01,0.04,1,0,54538,0,0,ok,436905
1790629005,26,0,read_lseek,write,graph-seq.bin,20,warm,2,4.785972719,1.29,3.05,2,14,137,0,0,ok,436905
1790629005,26,1,mmap,read,graph-seq.bin,20,warm,2,0.032987659,0.02,0.00,2,0,3338,0,0,ok,436905
1790629005,26,2,mmap,write,graph-seq.bin,20,warm,2,0.074131130,0.02,0.04,2,1,54650,0,0,ok,436905
1790629006,26,3,read_lseek,read,graph-seq.bin,20,warm,2,1.982701326,0.53,1.26,2,6,138,0,0,ok,436905
1790629006,27,0,mmap,read,graph-seq.bin,20,warm,2,0.030059220,0.01,0.00,1,0,3339,0,0,ok,436905
1790629007,27,1,mmap,write,graph-seq.bin,20,warm,2,0.067423273,0.03,0.02,1,1,54665,0,0,ok,436905
1790629009,27,2,read_lseek,read,graph-seq.bin,20,warm,2,1.959360514,0.64,1.13,2,3,139,0,0,ok,436905
1790629013,27,3,read_lseek,write,graph-seq.bin,20,warm,2,4.820744671,1.21,3.16,2,15,137,0,0,ok,436905
1790629013,28,0,mmap,write,graph-seq.bin,20,warm,2,0.067045955,0.03,0.02,2,0,54539,0,0,ok,436905
1790629015,28,1,read_lseek,read,graph-seq.bin,20,warm,2,1.961766955,0.60,1.18,2,4,140,0,0,ok,436905
1790629019,28,2,read_lseek,write,graph-seq.bin,20,warm,2,4.801730427,1.30,3.05,2,11,140,0,0,ok,436905
1790629019,28,3,mmap,read,graph-seq.bin,20,warm,2,0.033586105,0.01,0.01,1,0,3337,0,0,ok,436905
1790629021,29,0,read_lseek,read,graph-seq.bin,20,warm,2,1.956415115,0.62,1.15,2,4,135,0,0,ok,436905
1790629026,29,1,read_lseek,write,graph-seq.bin,20,warm,2,4.806165062,1.23,3.12,2,11,138,0,0,ok,436905
1790629026,29,2,mmap,read,graph-seq.bin,20,warm,2,0.029238244,0.01,0.01,1,0,3338,0,0,ok,436905
1790629026,29,3,mmap,write,graph-seq.bin,20,warm,2,0.064956153,0.03,0.02,2,0,54540,0,0,ok,436905
1790629030,30,0,read_lseek,write,graph-seq.bin,20,warm,2,4.802449066,1.25,3.11,2,9,138,0,0,ok,436905
1790629030,30,1,mmap,read,graph-seq.bin,20,warm,2,0.031063176,0.00,0.02,2,0,3337,0,0,ok,436905
1790629030,30,2,mmap,write,graph-seq.bin,20,warm,2,0.065402036,0.02,0.03,2,0,54540,0,0,ok,436905
1790629032,30,3,read_lseek,read,graph-seq.bin,20,warm,2,1.952912950,0.63,1.13,2,2,140,0,0,ok,436905
