optimizer,learning_rate,iterations,seconds,train_loss,backtracks,validation_accuracy,validation_precision,validation_recall,validation_f1,validation_tp,validation_tn,validation_fp,validation_fn,validation_loss,test_accuracy,test_precision,test_recall,test_f1,test_tp,test_tn,test_fp,test_fn,test_loss
gd,0.001,5,0.00023189999046735466,0.6922700163065774,0,0.6883116883116883,0.5535714285714286,0.5740740740740741,0.5636363636363636,31,75,25,23,0.6924659811808541,0.7597402597402597,0.6666666666666666,0.6296296296296297,0.6476190476190476,34,83,17,20,0.6923463961369131
gd,0.001,20,0.00047819998872000724,0.6896657344497373,0,0.6883116883116883,0.5535714285714286,0.5740740740740741,0.5636363636363636,31,75,25,23,0.6904438930645284,0.7597402597402597,0.6666666666666666,0.6296296296296297,0.6476190476190476,34,83,17,20,0.689969333076948
gd,0.001,100,0.0024083000025711954,0.676439949043979,0,0.6883116883116883,0.5535714285714286,0.5740740740740741,0.5636363636363636,31,75,25,23,0.6801836398342196,0.7597402597402597,0.6666666666666666,0.6296296296296297,0.6476190476190476,34,83,17,20,0.6779082716869997
gd,0.001,500,0.012232499997480772,0.6242248127450899,0,0.6948051948051948,0.5636363636363636,0.5740740740740741,0.5688073394495413,31,76,24,23,0.6398288524688021,0.7597402597402597,0.6666666666666666,0.6296296296296297,0.6476190476190476,34,83,17,20,0.6304998030275781
gd,0.001,2000,0.048721700004534796,0.5335020771705961,0,0.7142857142857143,0.6,0.5555555555555556,0.5769230769230769,30,80,20,24,0.5702715311675431,0.7532467532467533,0.6739130434782609,0.5740740740740741,0.62,31,85,15,23,0.5492828488699952
gd,0.01,5,0.00016990001313388348,0.6845577863535509,0,0.6883116883116883,0.5535714285714286,0.5740740740740741,0.5636363636363636,31,75,25,23,0.6864801792951888,0.7597402597402597,0.6666666666666666,0.6296296296296297,0.6476190476190476,34,83,17,20,0.685308754016078
gd,0.01,20,0.00046719999227207154,0.6613005868993723,0,0.6883116883116883,0.5535714285714286,0.5740740740740741,0.5636363636363636,31,75,25,23,0.668460195631536,0.7597402597402597,0.6666666666666666,0.6296296296296297,0.6476190476190476,34,83,17,20,0.6641250372412713
gd,0.01,100,0.0024245999957202002,0.5812739568032591,0,0.7077922077922078,0.5849056603773585,0.5740740740740741,0.5794392523364486,31,78,22,23,0.6068296639800002,0.7532467532467533,0.6666666666666666,0.5925925925925926,0.6274509803921569,32,84,16,22,0.5918209849714254
gd,0.01,500,0.011715999993612058,0.48238205565085207,0,0.7207792207792207,0.6222222222222222,0.5185185185185185,0.5656565656565656,28,83,17,26,0.5317083186543051,0.7662337662337663,0.7142857142857143,0.5555555555555556,0.625,30,88,12,24,0.5047266796187773
gd,0.01,2000,0.049491300000227056,0.4494198969980725,0,0.7207792207792207,0.6486486486486487,0.4444444444444444,0.5274725274725275,24,87,13,30,0.5146071074211721,0.7922077922077922,0.7894736842105263,0.5555555555555556,0.6521739130434783,30,92,8,24,0.47613625291406186
gd,0.1,5,0.0001647000026423484,0.622899904189016,0,0.6948051948051948,0.5636363636363636,0.5740740740740741,0.5688073394495413,31,76,24,23,0.6388761198490805,0.7597402597402597,0.6666666666666666,0.6296296296296297,0.6476190476190476,34,83,17,20,0.6292788144683688
gd,0.1,20,0.0004822000046260655,0.5322891987910955,0,0.7142857142857143,0.6,0.5555555555555556,0.5769230769230769,30,80,20,24,0.569477421751839,0.7532467532467533,0.6739130434782609,0.5740740740740741,0.62,31,85,15,23,0.5481798845956726
gd,0.1,100,0.0022179999941727147,0.4595658871196445,0,0.7207792207792207,0.6341463414634146,0.48148148148148145,0.5473684210526316,26,85,15,28,0.5169927468203332,0.7987012987012987,0.7948717948717948,0.5740740740740741,0.6666666666666666,31,92,8,23,0.4854471627934555
gd,0.1,500,0.011259100007009692,0.44658604665733814,0,0.7272727272727273,0.6666666666666666,0.4444444444444444,0.5333333333333333,24,88,12,30,0.5175149187200889,0.7922077922077922,0.7894736842105263,0.5555555555555556,0.6521739130434783,30,92,8,24,0.47169675183179194
gd,0.1,2000,0.05020850000437349,0.4465142919144635,0,0.7272727272727273,0.6666666666666666,0.4444444444444444,0.5333333333333333,24,88,12,30,0.5182142813393027,0.7922077922077922,0.7894736842105263,0.5555555555555556,0.6521739130434783,30,92,8,24,0.47106850505787384
gd,1.0,5,0.00018050000653602183,0.47766019467549825,0,0.7207792207792207,0.6222222222222222,0.5185185185185185,0.5656565656565656,28,83,17,26,0.5289357000296138,0.7662337662337663,0.7142857142857143,0.5555555555555556,0.625,30,88,12,24,0.5008028225253833
gd,1.0,20,0.0005175999976927415,0.44902879766070947,0,0.7272727272727273,0.6666666666666666,0.4444444444444444,0.5333333333333333,24,88,12,30,0.514807464579594,0.7922077922077922,0.7894736842105263,0.5555555555555556,0.6521739130434783,30,92,8,24,0.4758942331422369
gd,1.0,100,0.0023304999922402203,0.44651447530618493,0,0.7272727272727273,0.6666666666666666,0.4444444444444444,0.5333333333333333,24,88,12,30,0.5181896104308327,0.7922077922077922,0.7894736842105263,0.5555555555555556,0.6521739130434783,30,92,8,24,0.4710959092945349
gd,1.0,500,0.012851300009060651,0.4465142919095596,0,0.7272727272727273,0.6666666666666666,0.4444444444444444,0.5333333333333333,24,88,12,30,0.5182143362361917,0.7922077922077922,0.7894736842105263,0.5555555555555556,0.6521739130434783,30,92,8,24,0.47106841468821187
gd,1.0,2000,0.0502046000037808,0.4465142919095596,0,0.7272727272727273,0.6666666666666666,0.4444444444444444,0.5333333333333333,24,88,12,30,0.5182143362361847,0.7922077922077922,0.7894736842105263,0.5555555555555556,0.6521739130434783,30,92,8,24,0.4710684146882173
newton,0.001,5,0.0007382000039797276,0.6911021050819102,0,0.7012987012987013,0.6176470588235294,0.3888888888888889,0.4772727272727273,21,87,13,33,0.6914407015716854,0.7792207792207793,0.7777777777777778,0.5185185185185185,0.6222222222222222,28,92,8,26,0.6913128088329638
newton,0.001,20,0.0012550999963423237,0.685087440365663,0,0.7012987012987013,0.6176470588235294,0.3888888888888889,0.4772727272727273,21,87,13,33,0.6864266450729055,0.7792207792207793,0.7777777777777778,0.5185185185185185,0.6222222222222222,28,92,8,26,0.6859191595407133
newton,0.001,100,0.005757300008554012,0.6558004783560145,0,0.7012987012987013,0.6176470588235294,0.3888888888888889,0.4772727272727273,21,87,13,33,0.6621240702898011,0.7792207792207793,0.7777777777777778,0.5185185185185185,0.6222222222222222,28,92,8,26,0.6596848706656032
newton,0.001,500,0.02494499999738764,0.5579658260633021,0,0.7077922077922078,0.6363636363636364,0.3888888888888889,0.4827586206896552,21,88,12,33,0.583023073016622,0.7792207792207793,0.7777777777777778,0.5185185185185185,0.6222222222222222,28,92,8,26,0.5723665128584741
newton,0.001,2000,0.10596610000357032,0.4560416544779862,0,0.7207792207792207,0.6571428571428571,0.42592592592592593,0.5168539325842697,23,88,12,31,0.5139555788180593,0.7922077922077922,0.7894736842105263,0.5555555555555556,0.6521739130434783,30,92,8,24,0.4806892979753324
newton,0.01,5,0.0003096000000368804,0.6734949388744481,0,0.7012987012987013,0.6176470588235294,0.3888888888888889,0.4772727272727273,21,87,13,33,0.676783828708055,0.7792207792207793,0.7777777777777778,0.5185185185185185,0.6222222222222222,28,92,8,26,0.675529324578786
newton,0.01,20,0.0011338000040268525,0.6245715168499728,0,0.7012987012987013,0.6176470588235294,0.3888888888888889,0.4772727272727273,21,87,13,33,0.6364568088121709,0.7792207792207793,0.7777777777777778,0.5185185185185185,0.6222222222222222,28,92,8,26,0.6317651694490973
newton,0.01,100,0.005239999998593703,0.49719109996925037,0,0.7142857142857143,0.6470588235294118,0.4074074074074074,0.5,22,88,12,32,0.5375929146396108,0.7922077922077922,0.7894736842105263,0.5555555555555556,0.6521739130434783,30,92,8,24,0.5181322043686413
newton,0.01,500,0.02687270000751596,0.4465440489994727,0,0.7272727272727273,0.6666666666666666,0.4444444444444444,0.5333333333333333,24,88,12,30,0.517451771290485,0.7922077922077922,0.7894736842105263,0.5555555555555556,0.6521739130434783,30,92,8,24,0.4711658661807475
newton,0.01,2000,0.10332110000308603,0.44651429190955955,0,0.7272727272727273,0.6666666666666666,0.4444444444444444,0.5333333333333333,24,88,12,30,0.5182143360090585,0.7922077922077922,0.7894736842105263,0.5555555555555556,0.6521739130434783,30,92,8,24,0.471068414708561
newton,0.1,5,0.00033059999987017363,0.5546935168400731,0,0.7077922077922078,0.6363636363636364,0.3888888888888889,0.4827586206896552,21,88,12,33,0.5804729104591331,0.7792207792207793,0.7777777777777778,0.5185185185185185,0.6222222222222222,28,92,8,26,0.569500873290936
newton,0.1,20,0.001310200008447282,0.4550518123243915,0,0.7207792207792207,0.6571428571428571,0.42592592592592593,0.5168539325842697,23,88,12,31,0.5136939876668365,0.7922077922077922,0.7894736842105263,0.5555555555555556,0.6521739130434783,30,92,8,24,0.47983953904134813
newton,0.1,100,0.005113199993502349,0.44651429246729146,0,0.7272727272727273,0.6666666666666666,0.4444444444444444,0.5333333333333333,24,88,12,30,0.5182109008620737,0.7922077922077922,0.7894736842105263,0.5555555555555556,0.6521739130434783,30,92,8,24,0.47106875265602965
newton,0.1,500,0.02539260000048671,0.44651429190955955,0,0.7272727272727273,0.6666666666666666,0.4444444444444444,0.5333333333333333,24,88,12,30,0.5182143362361845,0.7922077922077922,0.7894736842105263,0.5555555555555556,0.6521739130434783,30,92,8,24,0.4710684146882173
newton,0.1,2000,0.10096920000796672,0.44651429190955955,0,0.7272727272727273,0.6666666666666666,0.4444444444444444,0.5333333333333333,24,88,12,30,0.5182143362361845,0.7922077922077922,0.7894736842105263,0.5555555555555556,0.6521739130434783,30,92,8,24,0.4710684146882173
newton,1.0,5,0.0003150999982608482,0.44651429190955955,0,0.7272727272727273,0.6666666666666666,0.4444444444444444,0.5333333333333333,24,88,12,30,0.5182143362116941,0.7922077922077922,0.7894736842105263,0.5555555555555556,0.6521739130434783,30,92,8,24,0.4710684147025527
newton,1.0,20,0.0009411000064574182,0.4465142919095596,0,0.7272727272727273,0.6666666666666666,0.4444444444444444,0.5333333333333333,24,88,12,30,0.5182143362361847,0.7922077922077922,0.7894736842105263,0.5555555555555556,0.6521739130434783,30,92,8,24,0.4710684146882174
newton,1.0,100,0.004805100004887208,0.4465142919095596,0,0.7272727272727273,0.6666666666666666,0.4444444444444444,0.5333333333333333,24,88,12,30,0.5182143362361847,0.7922077922077922,0.7894736842105263,0.5555555555555556,0.6521739130434783,30,92,8,24,0.4710684146882173
newton,1.0,500,0.025075800003833137,0.4465142919095596,0,0.7272727272727273,0.6666666666666666,0.4444444444444444,0.5333333333333333,24,88,12,30,0.5182143362361847,0.7922077922077922,0.7894736842105263,0.5555555555555556,0.6521739130434783,30,92,8,24,0.4710684146882173
newton,1.0,2000,0.10024909999629017,0.4465142919095596,0,0.7272727272727273,0.6666666666666666,0.4444444444444444,0.5333333333333333,24,88,12,30,0.5182143362361847,0.7922077922077922,0.7894736842105263,0.5555555555555556,0.6521739130434783,30,92,8,24,0.4710684146882173
