row_id,partition,Outcome
0,train,1
1,test,0
2,train,1
3,train,0
4,validation,1
5,validation,0
6,train,1
7,train,0
8,validation,1
9,train,1
10,train,0
11,train,1
12,validation,0
13,test,1
14,train,1
15,test,1
16,train,1
17,test,1
18,validation,0
19,validation,1
20,train,0
21,train,0
22,validation,1
23,train,1
24,train,1
25,train,1
26,test,1
27,validation,0
28,train,0
29,train,0
30,train,0
31,validation,1
32,train,0
33,train,0
34,train,0
35,train,0
36,train,0
37,train,1
38,train,1
39,test,1
40,validation,0
41,train,0
42,test,0
43,train,1
44,train,0
45,train,1
46,train,0
47,validation,0
48,test,1
49,train,0
50,train,0
51,train,0
52,train,0
53,validation,1
54,train,0
55,train,0
56,train,1
57,train,0
58,validation,0
59,train,0
60,test,0
61,test,1
62,train,0
63,validation,0
64,validation,1
65,validation,0
66,test,1
67,train,0
68,validation,0
69,train,0
70,validation,1
71,test,0
72,validation,1
73,train,0
74,train,0
75,train,0
76,test,0
77,test,0
78,train,1
79,test,0
80,validation,0
81,validation,0
82,train,0
83,train,0
84,train,1
85,test,0
86,train,0
87,test,0
88,train,1
89,train,0
90,test,0
91,train,0
92,validation,0
93,train,1
94,train,0
95,train,0
96,validation,0
97,test,0
98,train,0
99,validation,1
100,train,1
101,validation,0
102,train,0
103,train,0
104,train,0
105,train,0
106,train,0
107,validation,0
108,train,0
109,test,1
110,validation,1
111,train,1
112,validation,0
113,validation,0
114,test,1
115,train,1
116,train,1
117,validation,0
118,train,0
119,train,0
120,train,1
121,train,0
122,test,0
123,validation,0
124,train,1
125,validation,1
126,test,0
127,test,0
128,train,1
129,validation,1
130,train,1
131,train,1
132,test,1
133,train,0
134,train,0
135,test,0
136,test,0
137,validation,0
138,train,0
139,validation,0
140,train,0
141,validation,0
142,train,0
143,validation,1
144,test,0
145,train,0
146,validation,0
147,train,0
148,validation,0
149,test,0
150,train,0
151,train,0
152,validation,1
153,train,0
154,train,1
155,test,1
156,test,0
157,validation,0
158,train,0
159,train,1
160,validation,0
161,train,0
162,train,0
163,train,0
164,validation,1
165,train,1
166,test,0
167,test,0
168,train,0
169,train,0
170,train,1
171,validation,1
172,validation,0
173,train,0
174,train,0
175,train,1
176,validation,0
177,train,1
178,test,0
179,train,1
180,train,0
181,train,0
182,train,0
183,train,0
184,train,0
185,train,1
186,train,1
187,validation,1
188,train,1
189,validation,1
190,train,0
191,validation,0
192,train,1
193,train,1
194,train,0
195,validation,1
196,test,0
197,validation,1
198,test,1
199,train,1
200,validation,0
201,train,0
202,train,0
203,train,0
204,train,0
205,train,0
206,train,1
207,train,1
208,test,0
209,train,1
210,test,0
211,train,0
212,train,0
213,train,1
214,train,1
215,test,1
216,test,1
217,test,0
218,train,1
219,test,1
220,validation,1
221,train,1
222,validation,0
223,train,0
224,test,0
225,train,0
226,test,0
227,validation,1
228,train,0
229,train,0
230,test,1
231,test,1
232,train,0
233,test,0
234,test,0
235,validation,1
236,train,1
237,train,1
238,test,1
239,validation,0
240,train,0
241,train,0
242,train,1
243,train,1
244,train,0
245,test,1
246,test,0
247,test,0
248,train,0
249,train,0
250,train,0
251,train,0
252,train,0
253,train,0
254,test,1
255,validation,1
256,train,0
257,test,0
258,train,0
259,train,1
260,validation,0
261,train,1
262,train,0
263,train,0
264,test,1
265,test,0
266,validation,1
267,validation,0
268,test,0
269,train,1
270,test,1
271,train,0
272,test,0
273,validation,0
274,train,0
275,test,0
276,train,1
277,train,0
278,validation,0
279,test,0
280,train,1
281,train,0
282,test,0
283,test,1
284,test,1
285,train,0
286,train,0
287,train,1
288,validation,0
289,test,0
290,train,0
291,train,1
292,train,1
293,test,1
294,train,0
295,train,0
296,train,1
297,test,0
298,train,1
299,test,0
300,train,1
301,train,1
302,train,0
303,train,1
304,train,0
305,train,0
306,train,1
307,train,0
308,train,1
309,validation,1
310,train,0
311,test,0
312,train,1
313,train,0
314,train,1
315,test,0
316,train,0
317,train,1
318,validation,0
319,train,1
320,validation,0
321,validation,1
322,validation,1
323,test,1
324,test,0
325,train,0
326,validation,1
327,train,0
328,train,1
329,validation,0
330,train,0
331,train,0
332,train,1
333,train,0
334,train,0
335,train,0
336,train,0
337,train,1
338,test,1
339,train,1
340,train,0
341,train,0
342,train,0
343,train,0
344,train,0
345,validation,0
346,test,0
347,validation,0
348,train,0
349,train,1
350,train,0
351,test,0
352,train,0
353,train,0
354,train,0
355,test,1
356,train,1
357,test,1
358,validation,0
359,train,1
360,train,1
361,test,0
362,train,0
363,train,1
364,train,0
365,test,0
366,train,1
367,validation,0
368,train,0
369,train,1
370,train,1
371,train,0
372,train,0
373,train,0
374,validation,0
375,train,1
376,test,0
377,train,0
378,train,1
379,validation,0
380,test,0
381,train,0
382,train,0
383,validation,0
384,test,0
385,train,0
386,train,1
387,train,1
388,validation,1
389,train,0
390,validation,0
391,train,1
392,train,0
393,train,0
394,train,1
395,test,0
396,train,0
397,test,1
398,validation,0
399,train,1
400,test,1
401,validation,0
402,train,1
403,test,0
404,train,1
405,train,0
406,train,1
407,validation,0
408,train,1
409,train,1
410,test,0
411,test,0
412,train,0
413,train,0
414,train,1
415,train,1
416,train,0
417,validation,1
418,train,0
419,validation,1
420,train,0
421,train,0
422,train,0
423,train,0
424,test,1
425,train,1
426,train,0
427,validation,1
428,validation,0
429,train,1
430,train,0
431,test,0
432,train,0
433,train,0
434,validation,0
435,train,1
436,train,0
437,train,0
438,train,0
439,validation,0
440,train,1
441,test,0
442,train,0
443,train,1
444,test,1
445,test,1
446,train,0
447,train,0
448,train,1
449,train,0
450,train,0
451,train,1
452,train,0
453,test,0
454,train,0
455,train,1
456,validation,0
457,validation,0
458,train,1
459,train,0
460,validation,0
461,train,0
462,train,0
463,train,0
464,test,0
465,validation,0
466,test,0
467,train,0
468,train,1
469,train,0
470,validation,0
471,test,0
472,train,0
473,train,0
474,train,0
475,train,0
476,test,1
477,train,0
478,validation,0
479,test,0
480,train,1
481,train,0
482,validation,0
483,test,0
484,train,1
485,train,1
486,train,0
487,test,0
488,train,0
489,train,0
490,validation,0
491,train,0
492,train,0
493,test,1
494,train,0
495,train,0
496,train,0
497,train,0
498,train,1
499,train,0
500,train,0
501,train,0
502,test,1
503,train,0
504,test,0
505,validation,0
506,train,1
507,train,0
508,validation,0
509,train,0
510,train,1
511,test,0
512,test,0
513,validation,0
514,train,0
515,train,1
516,test,1
517,test,0
518,validation,0
519,validation,0
520,train,0
521,validation,0
522,train,0
523,test,1
524,train,0
525,train,0
526,validation,0
527,train,0
528,test,0
529,train,0
530,train,0
531,train,0
532,validation,0
533,train,0
534,train,0
535,validation,1
536,validation,0
537,train,0
538,train,0
539,train,1
540,validation,1
541,train,1
542,validation,1
543,train,0
544,test,0
545,train,1
546,validation,1
547,train,0
548,validation,0
549,validation,0
550,validation,0
551,train,0
552,test,0
553,train,0
554,train,0
555,validation,0
556,train,0
557,train,0
558,train,0
559,test,0
560,validation,1
561,train,1
562,train,0
563,train,0
564,test,0
565,train,0
566,train,0
567,validation,0
568,train,0
569,train,1
570,train,0
571,test,0
572,train,0
573,train,0
574,test,0
575,train,0
576,test,0
577,test,1
578,train,0
579,validation,1
580,train,1
581,train,0
582,train,0
583,train,0
584,train,1
585,train,0
586,train,1
587,train,0
588,train,1
589,train,0
590,test,1
591,train,0
592,train,1
593,train,0
594,validation,0
595,train,1
596,validation,0
597,test,0
598,train,1
599,train,0
600,train,0
601,validation,0
602,train,0
603,train,1
604,train,1
605,train,0
606,train,1
607,train,0
608,test,0
609,train,0
610,train,0
611,train,1
612,train,1
613,train,0
614,train,1
615,train,0
616,train,0
617,train,0
618,train,1
619,validation,1
620,validation,0
621,test,0
622,train,0
623,train,0
624,train,0
625,validation,0
626,train,0
627,train,0
628,train,0
629,train,0
630,train,1
631,validation,0
632,test,0
633,train,0
634,train,0
635,train,1
636,train,0
637,train,0
638,test,1
639,train,0
640,train,0
641,train,0
642,test,1
643,train,0
644,train,0
645,test,0
646,validation,1
647,test,1
648,validation,1
649,train,0
650,validation,0
651,test,0
652,train,0
653,train,0
654,train,0
655,validation,1
656,validation,0
657,train,0
658,test,0
659,train,1
660,train,0
661,train,1
662,train,1
663,test,1
664,test,1
665,validation,0
666,test,1
667,train,1
668,train,0
669,train,0
670,validation,0
671,train,0
672,train,0
673,validation,0
674,validation,0
675,validation,1
676,train,1
677,train,0
678,train,1
679,test,0
680,test,0
681,train,1
682,validation,0
683,train,1
684,train,0
685,train,0
686,train,0
687,train,0
688,validation,0
689,validation,1
690,test,0
691,test,1
692,test,0
693,validation,1
694,test,0
695,test,1
696,test,1
697,train,0
698,train,0
699,train,0
700,train,0
701,validation,1
702,train,1
703,validation,0
704,train,0
705,train,0
706,validation,1
707,train,0
708,train,1
709,train,1
710,test,0
711,train,0
712,train,1
713,test,0
714,train,0
715,train,1
716,train,1
717,test,0
718,test,0
719,test,1
720,train,0
721,train,0
722,validation,1
723,test,0
724,test,0
725,validation,0
726,validation,0
727,test,0
728,validation,0
729,train,0
730,train,1
731,validation,1
732,train,1
733,validation,0
734,validation,0
735,validation,0
736,validation,0
737,train,0
738,train,0
739,train,1
740,train,1
741,train,0
742,test,0
743,validation,1
744,train,0
745,train,0
746,test,1
747,test,0
748,train,1
749,train,1
750,test,1
751,train,0
752,train,0
753,train,1
754,train,1
755,validation,1
756,train,0
757,validation,1
758,train,0
759,train,1
760,test,0
761,train,1
762,validation,0
763,test,0
764,train,0
765,train,0
766,train,1
767,train,0
