phase,api,mode,tool,rep,iterations,wall_s,realtime_s,real_start_ns,real_end_ns,exit_code,valid,log
tools,read_lseek,read,bare,1,1,0.093888468,0.093891601,1791379362355981024,1791379362449872625,0,1,logs/3_tools_read_lseek_read_bare_1.log
tools,read_lseek,read,time_v,1,1,0.098978792,0.101942113,1791379362684892644,1791379362786834757,0,1,logs/4_tools_read_lseek_read_time_v_1.log
tools,read_lseek,read,strace,1,1,4.276212295,4.276215641,1791379363026029426,1791379367302245067,0,1,logs/5_tools_read_lseek_read_strace_1.log
tools,read_lseek,read,perf,1,1,0.121480106,0.121483553,1791379367539587203,1791379367661070756,0,1,logs/6_tools_read_lseek_read_perf_1.log
tools,read_lseek,write,bare,1,1,0.230046002,0.230049648,1791379367862030792,1791379368092080440,0,1,logs/7_tools_read_lseek_write_bare_1.log
tools,read_lseek,write,time_v,1,1,0.233321862,0.233326116,1791379368332043118,1791379368565369234,0,1,logs/8_tools_read_lseek_write_time_v_1.log
tools,read_lseek,write,strace,1,1,8.377914581,8.311400860,1791379368798633000,1791379377110033860,0,1,logs/9_tools_read_lseek_write_strace_1.log
tools,read_lseek,write,perf,1,1,0.253366562,0.253369811,1791379377351247975,1791379377604617786,0,1,logs/10_tools_read_lseek_write_perf_1.log
tools,mmap,read,bare,1,1,0.003816894,0.003820994,1791379383189532626,1791379383193353620,0,1,logs/11_tools_mmap_read_bare_1.log
tools,mmap,read,time_v,1,1,0.003448928,0.003451406,1791379378004720167,1791379378008171573,0,1,logs/12_tools_mmap_read_time_v_1.log
tools,mmap,read,strace,1,1,0.004956667,0.004959660,1791379378244803030,1791379378249762690,0,1,logs/13_tools_mmap_read_strace_1.log
tools,mmap,read,perf,1,1,0.011199560,0.011203203,1791379378485865365,1791379378497068568,0,1,logs/14_tools_mmap_read_perf_1.log
tools,mmap,write,bare,1,1,0.005815649,0.005818853,1791379378727345292,1791379378733164145,0,1,logs/15_tools_mmap_write_bare_1.log
tools,mmap,write,time_v,1,1,0.005887029,0.005890640,1791379378964491707,1791379378970382347,0,1,logs/16_tools_mmap_write_time_v_1.log
tools,mmap,write,strace,1,1,0.007153945,0.007157184,1791379379201600109,1791379379208757293,0,1,logs/17_tools_mmap_write_strace_1.log
tools,mmap,write,perf,1,1,0.026821530,0.026825060,1791379379437524069,1791379379464349129,0,1,logs/18_tools_mmap_write_perf_1.log
tools,read_lseek,read,time_v,2,1,0.099155186,0.099158588,1791379379695571626,1791379379794730214,0,1,logs/19_tools_read_lseek_read_time_v_2.log
tools,read_lseek,read,strace,2,1,4.373814065,4.308019256,1791379380026212774,1791379384334232030,0,1,logs/20_tools_read_lseek_read_strace_2.log
tools,read_lseek,read,perf,2,1,0.117831844,0.117835344,1791379384575425412,1791379384693260756,0,1,logs/21_tools_read_lseek_read_perf_2.log
tools,read_lseek,read,bare,2,1,0.100548240,0.100551720,1791379384926111394,1791379385026663114,0,1,logs/22_tools_read_lseek_read_bare_2.log
tools,read_lseek,write,time_v,2,1,0.244404369,0.244408040,1791379385255370770,1791379385499778810,0,1,logs/23_tools_read_lseek_write_time_v_2.log
tools,read_lseek,write,strace,2,1,8.709024003,8.574605614,1791379385732243616,1791379394306849230,0,1,logs/24_tools_read_lseek_write_strace_2.log
tools,read_lseek,write,perf,2,1,0.267099182,0.267102652,1791379394545770223,1791379394812872875,0,1,logs/25_tools_read_lseek_write_perf_2.log
tools,read_lseek,write,bare,2,1,0.228528869,0.228531995,1791379395041385487,1791379395269917482,0,1,logs/26_tools_read_lseek_write_bare_2.log
tools,mmap,read,time_v,2,1,0.004845450,0.004848278,1791379395500353609,1791379395505201887,0,1,logs/27_tools_mmap_read_time_v_2.log
tools,mmap,read,strace,2,1,0.006336801,0.006340500,1791379395735932979,1791379395742273479,0,1,logs/28_tools_mmap_read_strace_2.log
tools,mmap,read,perf,2,1,0.029445693,0.029449340,1791379395976873404,1791379396006322744,0,1,logs/29_tools_mmap_read_perf_2.log
tools,mmap,read,bare,2,1,0.003514421,0.003517083,1791379396234197965,1791379396237715048,0,1,logs/30_tools_mmap_read_bare_2.log
tools,mmap,write,time_v,2,1,0.006775155,0.006778800,1791379396467924055,1791379396474702855,0,1,logs/31_tools_mmap_write_time_v_2.log
tools,mmap,write,strace,2,1,0.007259721,0.007263956,1791379396707523563,1791379396714787519,0,1,logs/32_tools_mmap_write_strace_2.log
tools,mmap,write,perf,2,1,0.012010089,0.012013112,1791379396945038857,1791379396957051969,0,1,logs/33_tools_mmap_write_perf_2.log
tools,mmap,write,bare,2,1,0.005620928,0.005624333,1791379397186187636,1791379397191811969,0,1,logs/34_tools_mmap_write_bare_2.log
tools,read_lseek,read,strace,3,1,4.158148164,9.564593242,1791379397420122906,1791379406984716148,0,1,logs/35_tools_read_lseek_read_strace_3.log
tools,read_lseek,read,perf,3,1,0.139199266,0.139207282,1791379407214972109,1791379407354179391,0,1,logs/36_tools_read_lseek_read_perf_3.log
tools,read_lseek,read,bare,3,1,0.093021211,0.093025023,1791379407583104864,1791379407676129887,0,1,logs/37_tools_read_lseek_read_bare_3.log
tools,read_lseek,read,time_v,3,1,0.095156408,0.095160063,1791379407903937588,1791379407999097651,0,1,logs/38_tools_read_lseek_read_time_v_3.log
tools,read_lseek,write,strace,3,1,8.312679324,8.312682944,1791379408226653980,1791379416539336924,0,1,logs/39_tools_read_lseek_write_strace_3.log
tools,read_lseek,write,perf,3,1,0.268635515,0.268639025,1791379416768947868,1791379417037586893,0,1,logs/40_tools_read_lseek_write_perf_3.log
tools,read_lseek,write,bare,3,1,0.229024403,0.229027797,1791379417266403518,1791379417495431315,0,1,logs/41_tools_read_lseek_write_bare_3.log
tools,read_lseek,write,time_v,3,1,0.231964821,0.231968459,1791379417723818297,1791379417955786756,0,1,logs/42_tools_read_lseek_write_time_v_3.log
tools,mmap,read,strace,3,1,0.004816014,0.004818654,1791379418184569235,1791379418189387889,0,1,logs/43_tools_mmap_read_strace_3.log
tools,mmap,read,perf,3,1,0.039357730,0.039361508,1791379418417687461,1791379418457048969,0,1,logs/44_tools_mmap_read_perf_3.log
tools,mmap,read,bare,3,1,0.003351179,0.003354020,1791379418688775312,1791379418692129332,0,1,logs/45_tools_mmap_read_bare_3.log
tools,mmap,read,time_v,3,1,0.004444477,0.004447422,1791379418922799628,1791379418927247050,0,1,logs/46_tools_mmap_read_time_v_3.log
tools,mmap,write,strace,3,1,0.007386530,0.007389537,1791379419157038190,1791379419164427727,0,1,logs/47_tools_mmap_write_strace_3.log
tools,mmap,write,perf,3,1,0.012741683,0.012745120,1791379419393548022,1791379419406293142,0,1,logs/48_tools_mmap_write_perf_3.log
tools,mmap,write,bare,3,1,0.005688317,0.005691336,1791379419635125420,1791379419640816756,0,1,logs/49_tools_mmap_write_bare_3.log
tools,mmap,write,time_v,3,1,0.006002883,0.006005733,1791379419871554685,1791379419877560418,0,1,logs/50_tools_mmap_write_time_v_3.log
